id,job_number,status,job_status,account,reg,completion_date,created_at,state,match_mode
396080e1-affe-4781-b0e0-c8f051727cca,SOL-427833,completed,Completed,TEST-0001,TEMP-0001,2026-05-06T03:32:15.048496+00:00,2026-05-05T22:04:42.812465+00:00,missing,no-vehicle-match
e184912f-dc7c-4d79-93c3-00ee79747e73,SOL-995742,pending,Completed,NNSL-0001,EMN455ZN,2026-04-30T12:23:26.694+00:00,2026-03-02T08:41:17.127689+00:00,matched,account+reg
dd0d4943-3810-46b8-8993-4b1435ba4a26,SOL-530578,completed,Invoiced,EPSC-0002,DATA UPLOAD - JF74YXGP,2026-04-22T10:07:36.770857+00:00,2026-04-22T10:06:42.081498+00:00,missing,no-vehicle-match
d6e65540-40b8-48ba-b3a4-d594dbcb71ac,SOL-931061,completed,Invoiced,ENER-0001,,2026-04-30T12:24:17.80985+00:00,2026-04-30T12:23:37.923349+00:00,missing,no-reg
57ac4e17-11aa-48f0-b7f7-8e5c7548cf30,SOL-732202,completed,Completed,ALST-0001,N/A,2026-04-30T12:24:42.684+00:00,2026-03-23T10:59:44.102297+00:00,missing,no-vehicle-match
b218f3cf-38c3-4aa2-a11c-9ba7b7d998ec,SOL-575752,completed,Invoiced,EPSC-0002,data upload - JF74YXGP,2026-04-23T13:24:39.96011+00:00,2026-04-23T13:24:22.209834+00:00,missing,no-vehicle-match
ec075cd1-f320-4463-b4b3-919c7fb7379c,SOL-158270,completed,Completed,TLOG-0001,KSD191MP - EX33,2026-04-19T16:51:40.471221+00:00,2026-04-02T08:33:57.75106+00:00,missing,no-vehicle-match
9c94ddcd-6015-45e8-af04-0efbec7f565f,SOL-527276,completed,Invoiced,ALST-0001,JY60PZGP,2026-04-20T08:23:49.658124+00:00,2026-04-17T06:54:26.685401+00:00,missing,no-vehicle-match
e251a9ff-5df3-4e76-add5-4c906161614a,SOL-229301,completed,Invoiced,HITA-0001,MS60GJGP,2026-05-07T07:31:40.734936+00:00,2026-04-02T16:13:31.394795+00:00,matched,account+reg
f9e72ca2-7cd8-457b-8b8e-962c55781f6a,SOL-814655,completed,Invoiced,HITA-0001,KV34FHGP,2026-05-07T08:38:37.584232+00:00,2026-04-21T08:52:11.908131+00:00,matched,account+reg
d4597479-9394-429f-90c4-4b2c8fe4f2f5,SOL-655602,completed,Invoiced,MAYS-0001,data upload - MAY003,2026-04-29T10:00:52.949+00:00,2026-04-23T13:35:01.680062+00:00,missing,no-vehicle-match
2a538598-a2fa-4b11-83e5-6d8019ad31ae,SOL-563195,completed,Invoiced,HITA-0001,National Transport Logistics	1000-0302,2026-03-15T23:59:59+00:00,2026-03-24T11:14:28.145088+00:00,missing,no-vehicle-match
e9a90cc9-bf2c-414e-bc31-842af63114ea,JOB-1754926925052-gim5bd0wp,completed,Completed,,,2026-04-21T07:55:11.762356+00:00,2025-08-11T15:42:05.98406+00:00,missing,no-reg
23c99938-5063-4f0b-8340-7c1b3909a0cc,SOL-850597,completed,Invoiced,EDGE-0008,TEMP047058,2026-05-06T06:42:11.346161+00:00,2026-04-10T08:42:37.25737+00:00,missing,no-vehicle-match
7ea95ead-3a55-4cfc-942e-0627a0ce2b07,SOL-640337,completed,Invoiced,EDGE-0047,TEMPKA0269,2026-04-22T06:24:13.754+00:00,2026-04-16T06:14:50.132347+00:00,matched,account+reg
e8514db6-794d-43b5-b38a-2bd5ec36283f,SOL-213812,completed,Completed,TTEX-0001,PANIC INSTALLS ,2026-05-07T05:18:25.08703+00:00,2026-04-30T13:35:35.90011+00:00,missing,no-vehicle-match
049f6d8d-4bbf-48e5-8c46-2ffe6f0cb930,SOL-631000,completed,Invoiced,THES-0002,JK89MVGP ,2026-05-07T12:57:09.935719+00:00,2026-03-31T08:42:03.617746+00:00,matched,account+reg
bae31af6-de85-4af8-8000-defa09d74115,SOL-216818,completed,Invoiced,EDGE-0005,LD39DBGP,2026-05-06T08:28:12.737024+00:00,2026-03-19T11:19:29.514255+00:00,matched,account+reg
db437242-762c-4c07-8967-2ece6dfce98d,JOB-1755237717711-3kkk5l84t,completed,Completed,,,2026-04-21T07:54:50.275974+00:00,2025-08-15T06:02:00.017506+00:00,missing,no-reg
ffe37421-4294-4bb5-a3dd-f3628aa42720,JOB-1758268905144-6hgz7whk8,completed,Completed,,,2026-04-21T07:54:22.18456+00:00,2025-09-19T08:01:45.265158+00:00,missing,no-reg
7ef43269-dbfc-40b6-a15f-344cb7511a28,SOL-820952,completed,Invoiced,THES-0002,KFW283MP,2026-05-07T12:29:28.217+00:00,2026-04-09T11:04:07.556845+00:00,missing,no-vehicle-match
a75081c0-2ab7-41e7-8701-ab270616dac4,SOL-163703,completed,Invoiced,MACS-0025,BG90DHZN,2026-05-08T11:17:11.194+00:00,2026-05-07T05:37:53.033574+00:00,matched,account+reg
67d7fb8f-d93d-4c6e-b4a0-06b91812f61b,SOL-380130,completed,Invoiced,EDGE-0008,CF329893,2026-05-06T08:37:14.062087+00:00,2025-12-02T08:56:47.123811+00:00,matched,account+reg
7e2a2200-49e8-4053-aac1-c334e7c78272,SOL-204545,completed,Invoiced,TACI-0001,B580BUK,2026-05-11T10:41:07.393786+00:00,2026-03-30T07:30:53.018289+00:00,matched,account+reg
71ea31c9-38b1-4a5e-8567-8a78de1bd13a,SOL-501245,completed,Completed,KARG-0009,MX81GKGP,2026-05-12T14:32:56.423901+00:00,2026-04-22T14:23:54.171036+00:00,matched,account+reg
0768e95a-6b83-499a-bb04-6c98705eb1eb,SOL-528223,completed,Invoiced,HITA-0001,MS53KTGP,2026-05-06T14:25:01.392298+00:00,2026-04-02T12:22:53.079685+00:00,matched,account+reg
50165a66-51b5-4108-bb8e-66af06da4fad,SOL-149026,completed,Invoiced,EDGE-0004,MD30BBGP,2026-05-06T08:38:45.563428+00:00,2026-01-08T09:05:06.895303+00:00,missing,no-vehicle-match
563d441c-e93b-4f14-87ed-7e8e1d44211e,SOL-883393,completed,Invoiced,EPSC-0001,NEW INSTALL - MW90KFGP,2026-03-16T23:59:59+00:00,2026-03-25T10:52:30.22591+00:00,matched,account+reg
1e02a079-786a-4d64-81e9-5316a646f288,SOL-844034,completed,Completed,EPSC-0001,HY74XFGP  - 0713052928,2026-04-17T09:20:07.35+00:00,2026-03-26T13:06:54.49072+00:00,missing,no-vehicle-match
e98cff95-beed-4817-987e-a3c9e51f53cf,SOL-289786,completed,Invoiced,EDGE-0004,TEMP795693,2026-05-06T08:43:47.966943+00:00,2026-01-09T06:22:51.814233+00:00,missing,no-vehicle-match
4ec8ace3-84c3-4718-a706-0fa780ec84f6,SOL-422465,completed,Completed,EDGE-0001,,2026-04-15T05:46:23.801+00:00,2025-11-03T10:08:50.150828+00:00,missing,no-reg
318ed34a-98e3-4e0e-927f-a5790b6c8913,SOL-385155,completed,Completed,HITA-0001,MS53MTGP,2026-03-15T23:59:59+00:00,2026-03-25T10:44:35.265007+00:00,matched,account+reg
809efecd-64ff-42e6-a93c-76b7b2212bc7,SOL-700196,completed,Invoiced,EPSC-0001,DATA UPLOAD - JF74YJGP,2026-03-30T08:11:19.092818+00:00,2026-03-26T13:06:56.35285+00:00,matched,account+reg
2c7ae182-3d13-41cc-b891-531a81fc9dfe,SOL-642708,completed,Invoiced,EPSC-0001,DATA UPLOAD - MK88RHGP,2026-03-31T23:59:59+00:00,2026-03-31T10:43:36.8687+00:00,missing,no-vehicle-match
3b264ec6-eeed-4934-843d-fae55f6077cf,SOL-395418,completed,Invoiced,EPSC-0001,NEW INSTALL - MW90MWGP,2026-03-31T23:59:59+00:00,2026-03-25T10:38:35.684112+00:00,matched,account+reg
92106577-1f50-44e4-9f7e-55d6bb2e74aa,SOL-180175,completed,Completed,AVIS-0001,,2026-04-15T05:49:13.743+00:00,2025-11-03T06:09:08.27285+00:00,missing,no-reg
8a83c2db-946c-401d-a907-f3f006bf9257,SOL-583341,completed,Invoiced,EPSC-0001,DATA UPLOAD - JF74XGGP,2026-05-08T09:18:39.121552+00:00,2026-03-26T07:42:19.182751+00:00,missing,no-vehicle-match
ebeb5dbb-d55d-40a2-8114-bb45f3f34d17,SOL-316750,completed,Invoiced,EPSC-0001,NEW INSTALLATION - MW90LYGP,2026-03-19T23:59:59+00:00,2026-04-17T09:24:11.571116+00:00,matched,account+reg
c91a3355-add0-41b3-aed6-c5b46b61e5c5,SOL-879463,completed,Completed,,CH153520,2026-05-07T05:16:31.66266+00:00,2026-04-28T06:12:28.29+00:00,missing,no-vehicle-match
f81a7b00-d24f-4ef6-abec-b5b46588c1b8,SOL-651530,completed,Invoiced,EPSC-0002,DATA UPLOAD - JF74YXGP,2026-05-11T11:48:16.663+00:00,2026-05-07T07:40:36.387119+00:00,missing,no-vehicle-match
911ab7ba-b996-48fc-9219-20d123c7292c,SOL-167228,completed,Completed,MACS-0022,,2026-05-08T03:48:31.724311+00:00,2026-02-25T06:55:43.012546+00:00,missing,no-reg
21b9947a-ba1d-4721-a6cd-ff85683e5f09,SOL-949960,completed,Completed,ACTE-0001,JJK 614MP,2026-03-19T10:44:50.767978+00:00,2026-03-03T07:24:36.095269+00:00,missing,no-vehicle-match
608e2f0b-734c-474c-a4f9-0a98bb173472,SOL-576177,completed,Completed,ARGO-0001,CH998657,2026-05-12T14:27:10.900686+00:00,2026-04-29T07:37:25.762775+00:00,missing,no-vehicle-match
3e9ed198-f901-41fe-a919-4f74405cbcf8,SOL-540352,completed,Completed,HITA-0001,,2026-05-07T05:32:37.661027+00:00,2026-04-30T13:02:22.233101+00:00,missing,no-reg
1cda7ed7-ff21-4d23-8684-b90f31842358,SOL-311761,completed,Invoiced,TTEX-0001,PANIC INSTALLS,2026-05-06T06:51:32.38611+00:00,2026-04-23T08:52:15.291637+00:00,missing,no-vehicle-match
489bf4b0-0942-4a90-8c8d-f4f1ca6058ae,SOL-364436,completed,Completed,ARGO-0001,CH999115,2026-05-12T14:27:34.859912+00:00,2026-04-29T07:36:43.128758+00:00,missing,no-vehicle-match
0ba3164a-a39f-4cee-b0c5-68bb12b26866,SOL-813804,completed,Completed,SEVE-0001,F44 - MX65HCGP,2026-04-17T04:58:01.100344+00:00,2026-04-14T11:28:47.612654+00:00,missing,no-vehicle-match
cad2ee4a-f75c-4c94-8c13-bf86de603c47,SOL-489044,completed,Invoiced,ANGE-0001,YMM294GP,2026-04-21T09:52:27.644417+00:00,2026-03-23T13:43:13.443246+00:00,missing,no-vehicle-match
6dfc4ca6-6034-46b5-99f7-a710f4a2ff6f,SOL-998233,completed,Invoiced,SEVE-0001,F44 - MX65HCGP,2026-04-17T05:01:47.991892+00:00,2026-04-14T11:21:21.985356+00:00,missing,no-vehicle-match
43a677e9-13da-4c81-ad61-3372b735bad3,SOL-590089,completed,Invoiced,HITA-0001,MC38BXGP,2026-05-07T08:42:08.841087+00:00,2026-04-22T06:55:13.360311+00:00,matched,account+reg
887cf95a-6cfe-4c2f-91e5-5121a84058bf,SOL-864660,completed,Invoiced,TACI-0001,LN28KHGP,2026-05-11T12:40:09.235919+00:00,2026-03-30T07:30:43.813338+00:00,matched,account+reg
bd8d9857-5a73-4bad-a6fd-9d08bba62117,SOL-567489,completed,Invoiced,PRCR-0001,CHDB8904,2026-05-06T06:32:20.5452+00:00,2026-04-29T11:23:09.671172+00:00,missing,no-vehicle-match
99e3c53d-463f-439b-9197-cc85a6c3628a,SOL-386165,completed,Invoiced,TTEX-0001,PANIC INSTALLS,2026-05-06T09:19:40.300899+00:00,2026-04-23T08:47:07.294964+00:00,missing,no-vehicle-match
2eb6ab1f-0a69-404a-aaff-b2f115f38d91,SOL-776721,completed,Invoiced,TTLI-0001,PANIC INSTALLS,2026-05-06T09:19:57.239457+00:00,2026-04-23T08:35:23.978864+00:00,missing,no-vehicle-match
880301b4-870c-439f-bf82-c69527682eb5,SOL-738912,completed,Invoiced,MNFU-0001,ML51ZVGP,2026-05-11T13:11:07.889+00:00,2026-05-11T13:11:08.016958+00:00,missing,no-vehicle-match
f65473bc-f34f-42e5-9994-a12687244f74,SOL-584374,completed,Invoiced,TTEX-0001,PANIC INSTALLS,2026-05-06T08:17:06.671409+00:00,2026-04-23T08:50:02.178814+00:00,missing,no-vehicle-match
7114b6cc-50d5-4308-b534-c65de9c42c6d,SOL-355666,completed,Invoiced,TACI-0001,LK46ZRGP,2026-05-11T12:37:24.461673+00:00,2026-03-30T07:30:38.930308+00:00,matched,account+reg
ba4e3c68-6180-41e5-bd60-319f2b0de16d,SOL-891458,completed,Invoiced,EPSC-0001,HW67VCGP DATA UPLOAD,2026-03-31T10:21:52.511001+00:00,2026-03-30T09:12:36.963201+00:00,missing,no-vehicle-match
dc1bd2f3-07d1-4a01-997e-c2167f6c9a8b,SOL-592627,completed,Invoiced,EPSC-0001,DATA UPLOAD - JF74YJGP,2026-03-31T11:40:26.261833+00:00,2026-03-31T10:43:28.102944+00:00,matched,account+reg
ea3fd3f3-0440-49c8-a505-732b6bbaa5dd,SOL-280898,completed,Invoiced,EPSC-0001,DATA UPLOAD - HW67VCGP,2026-04-14T10:23:15.993674+00:00,2026-04-14T09:55:42.651271+00:00,missing,no-vehicle-match
1a7f6e93-b29a-44e3-9367-09fbd212a434,SOL-871288,completed,Completed,ACTE-0001,HCR 054MP,2026-03-19T08:08:31.83857+00:00,2026-03-17T13:52:45.578232+00:00,missing,no-vehicle-match
c0dfea0a-b704-4540-847f-99fdab7bdda0,SOL-244100,completed,Invoiced,TACI-0001,MH57JTGP,2026-05-11T12:37:54.981608+00:00,2026-03-30T07:30:27.727119+00:00,matched,account+reg
00e210f3-be13-449f-9ccc-c43150b6329d,SOL-797876,completed,Invoiced,TTLI-0001,LDG422MP - LH33,2026-05-06T09:20:42.384546+00:00,2026-04-20T13:36:18.207425+00:00,missing,no-vehicle-match
549760c3-77d0-4b06-8888-d93f1f2a5cfc,SOL-202925,completed,Invoiced,ALST-0001,JZ78PGGP,2026-04-20T05:39:33.201937+00:00,2026-04-17T07:25:12.356453+00:00,missing,no-vehicle-match
32b0d740-36f6-40db-b143-b63764908c1a,SOL-694841,completed,Invoiced,TLOG-0001,LDG351MP - FM13,2026-05-06T09:21:58.982168+00:00,2026-04-20T13:03:20.86678+00:00,missing,no-vehicle-match
8440670d-10ca-4e1c-a093-094ed9f2952c,SOL-579215,completed,Invoiced,GOEA-0001,LL22CSGP,2026-04-22T12:10:29.378+00:00,2026-03-25T07:27:07.145773+00:00,matched,account+reg
e3437fd9-a093-45b8-968b-b697ee6f4b87,SOL-702563,completed,Invoiced,EDGE-0047,TEMPKA0013,2026-04-22T06:24:29.499777+00:00,2026-04-10T08:23:23.035067+00:00,matched,account+reg
71bc8f28-d485-4411-a16b-845eb41d65a7,SOL-300309,completed,Invoiced,TTLI-0001,JJT993FS - PLS241,2026-05-06T09:21:00.109477+00:00,2026-04-20T13:30:10.361465+00:00,missing,no-vehicle-match
78c7ab5e-1a31-49be-afa4-f9c14d0721b8,SOL-243153,completed,Invoiced,EDGE-0047,TEMP827183,2026-04-22T06:24:25.482419+00:00,2026-04-10T08:34:37.508326+00:00,matched,account+reg
38e85793-6be4-4028-88cd-7628aac78f79,SOL-527893,completed,Invoiced,TTLI-0001,JGK731FS - LH41,2026-05-06T09:21:19.081258+00:00,2026-04-20T13:28:18.987385+00:00,missing,no-vehicle-match
40dada2b-b645-4514-8d14-8c4cee5926a7,SOL-796438,completed,Invoiced,EPSC-0001,MW90NSGP,2026-03-16T23:59:59+00:00,2026-03-11T08:39:59.297656+00:00,matched,account+reg
64efe6b9-2ba8-4d56-bc02-98562236f3d3,SOL-333168,completed,Invoiced,TLOG-0001,JGV565FS - PD117,2026-05-06T09:21:42.459656+00:00,2026-04-20T13:08:00.352383+00:00,missing,no-vehicle-match
06026a28-d544-4ffe-a40d-872f8d6d1131,SOL-250018,completed,Invoiced,EDGE-0008,TEMP007102,2026-05-08T06:23:23.554352+00:00,2026-05-07T10:21:20.255212+00:00,missing,no-vehicle-match
a584003f-8c14-4be5-8ed9-0e1303dff87c,SOL-542373,completed,Invoiced,HITA-0001,LM60FPGP,2026-03-27T23:59:59+00:00,2026-03-25T12:01:44.154726+00:00,matched,account+reg
797e0a2a-e402-403f-b22a-9f44c8c77785,SOL-365876,completed,Invoiced,TLOG-0001,JFP880FS - RH35,2026-05-06T09:23:33.450906+00:00,2026-04-20T12:46:11.223911+00:00,missing,no-vehicle-match
895416e2-ed66-4852-8b29-31a461439935,SOL-781197,completed,Invoiced,EPSC-0001,DATA UPLOAD - KY69YNGP,2026-03-31T23:59:59+00:00,2026-03-31T10:44:11.99873+00:00,missing,no-vehicle-match
915d883e-186b-4c44-871b-ecc620c5cd8d,SOL-614737,completed,Invoiced,EPSC-0001,NEW INSTALL - MW90MRGP,2026-03-30T23:59:59+00:00,2026-03-25T10:05:29.917684+00:00,matched,account+reg
de749a2e-3b2a-44e2-a4d0-d2e4bbe3bdd2,SOL-342575,completed,Invoiced,EPSC-0001,NEW INSTALL  - MW90JPGP,2026-03-31T23:59:59+00:00,2026-03-25T09:29:02.632979+00:00,matched,account+reg
5e4c2d92-6c9a-476f-bf39-b053ecc54b7d,SOL-325333,completed,Invoiced,EPSC-0001,MW90NMGP,2026-03-16T23:59:59+00:00,2026-03-25T08:00:59.250135+00:00,matched,account+reg
d7e5d01c-03df-4a33-83c5-84161be6e646,SOL-759415,completed,Invoiced,EPSC-0002,DATA UPLOAD - MK88RHGP,2026-04-20T11:44:34.808407+00:00,2026-04-20T11:43:57.678555+00:00,missing,no-vehicle-match
6fff3162-b12f-4659-b158-7c000a424a00,SOL-457225,completed,Completed,EDGE-0001,,2026-03-15T23:59:59+00:00,2025-10-16T09:31:50.81114+00:00,missing,no-reg
203530fc-b344-4a1b-a818-9c94b55d056a,SOL-703273,completed,Invoiced,EPSC-0001,NEW INSTALLATION - MW90NFGP,2026-03-19T23:59:59+00:00,2026-04-17T09:40:41.027108+00:00,matched,account+reg
4b9c9b25-f92d-4a4c-8e39-31b45ce16cc9,SOL-532635,completed,Invoiced,EPSC-0001,MW90LDGP,2026-03-31T23:59:59+00:00,2026-03-25T08:30:15.191931+00:00,matched,account+reg
d174db55-a9cb-456a-ab45-b0b58a6a0a6d,SOL-580616,completed,Completed,ACTE-0001,LCX 062MP,2026-03-19T08:27:37.490766+00:00,2026-03-17T13:31:57.521466+00:00,missing,no-vehicle-match
8b809859-7664-4bea-a85a-d5c7b777d1d4,SOL-212181,completed,Invoiced,ACTE-0001,JST022MP,2026-03-19T23:59:59+00:00,2026-03-03T06:50:17.174751+00:00,matched,account+reg
3d8de0a2-3150-49dd-80f6-e5c3eb1138d6,SOL-502311,completed,Invoiced,FAIT-0001,MP71TSGP,2026-03-15T23:59:59+00:00,2025-11-05T08:02:39.148529+00:00,matched,account+reg
830e819b-28c4-426d-abe1-fef25c5b2602,SOL-834611,completed,Completed,MACS-0003,BT68VJGP,2026-03-14T23:59:59+00:00,2026-03-30T13:05:59.524737+00:00,matched,account+reg
59e4b3d0-0dab-416f-b041-ab52d885c9da,SOL-439691,completed,Completed,HITA-0001,MS53LJGP,2026-03-15T23:59:59+00:00,2026-03-25T10:46:44.802755+00:00,matched,account+reg
a562b77b-1cc1-4925-a5f2-73e5cf8ee47e,SOL-416474,completed,Invoiced,TLOG-0001,JFP866FS - RH41,2026-03-13T23:59:59+00:00,2026-04-13T10:18:08.66023+00:00,matched,account+reg
87ecb9a8-cfdb-4c87-904a-008d6bf11b43,SOL-161414,completed,Invoiced,TLOG-0001,RH29 - JGW967FS,2026-03-13T23:59:59+00:00,2026-04-13T10:24:06.6524+00:00,matched,account+reg
ada74221-f353-49c3-a504-512f02062ff7,SOL-255582,completed,Invoiced,TRIA-0001,KP20RXGP,2026-03-19T23:59:59+00:00,2026-03-13T06:26:16.356671+00:00,matched,account+reg
658da23b-f906-4bc1-a3d2-6b92c6159f6f,SOL-559160,completed,Invoiced,HITA-0001,MS80SKGP,2026-03-15T23:59:59+00:00,2026-04-01T10:05:20.58999+00:00,missing,no-vehicle-match
0b70e666-c8c2-40e9-9353-3a442feb0ea7,SOL-445098,completed,Invoiced,HITA-0001,LL73FPGP,2026-03-15T23:59:59+00:00,2026-04-01T09:48:35.952403+00:00,matched,account+reg
3ad15359-9ec2-4211-abbd-fff0d77a055e,SOL-334409,completed,Invoiced,HITA-0001,JHK098GP,2026-03-31T23:59:59+00:00,2026-03-31T11:57:37.282135+00:00,matched,account+reg
068fa517-814a-4a4f-816d-ef2dbaaf821e,SOL-164333,completed,Invoiced,,YMM494GP,2026-03-16T23:59:59+00:00,2026-03-18T07:57:47.671937+00:00,missing,no-vehicle-match
2f2a6c38-3b8f-4217-b72e-d05cfee1fdb6,SOL-276758,completed,Invoiced,HITA-0001,MS53MMGP,2026-03-15T23:59:59+00:00,2026-03-25T11:18:05.346574+00:00,matched,account+reg
02051643-d592-49a9-b339-8076e3a7056e,SOL-156583,completed,Invoiced,MAYS-0001,MAY009,2026-03-31T23:59:59+00:00,2026-03-31T08:23:43.201996+00:00,missing,no-vehicle-match
cbf02bb7-becc-4e69-a53e-53f3e3d54545,SOL-844225,completed,Invoiced,TRIA-0001,KJ77DKGP,2026-03-18T23:59:59+00:00,2026-03-13T06:24:51.598074+00:00,matched,account+reg
76a54f63-7f98-40de-88bf-208c1fe02002,SOL-709720,completed,Invoiced,ANGE-0001,FN85FKGP,2026-03-15T23:59:59+00:00,2026-03-23T13:49:21.069933+00:00,missing,no-vehicle-match
1c4fc55e-78f5-4d2b-8d65-d5fa82b089c2,SOL-512085,completed,Invoiced,MAYS-0001,MAY007,2026-03-31T23:59:59+00:00,2026-03-31T08:24:17.22327+00:00,missing,no-vehicle-match
79cf8d4e-545d-4267-b3b7-2cf77fea3212,SOL-746809,completed,Invoiced,TTFM-0001,FM15 - LDR059MP,2026-03-15T23:59:59+00:00,2026-04-13T10:34:59.631951+00:00,matched,account+reg
c8e60457-4c6f-4874-940a-6492291873b3,SOL-830555,completed,Invoiced,EPSC-0002,DATA UPLOAD - HY74XFGP,2026-04-20T11:44:16.4+00:00,2026-04-17T10:54:56.906909+00:00,missing,no-vehicle-match
2bc5472c-e385-4038-85b0-1e3297271d6e,SOL-967225,completed,Invoiced,HITA-0001,MS60GNGP,2026-03-14T23:59:59+00:00,2026-04-05T08:04:16.706281+00:00,matched,account+reg
9c9c8605-73d6-4bec-be83-f2292c21c4ed,SOL-684822,completed,Invoiced,EPSC-0002,DATA UPLOAD - JF74YJGP,2026-04-20T11:44:14.138+00:00,2026-04-17T10:57:38.722261+00:00,matched,reg-only
383bdff4-6700-4741-8a80-051a43975d7f,SOL-771005,completed,Invoiced,MACS-0026,BF61FSGP,2026-03-31T23:59:59+00:00,2026-03-30T12:31:39.831606+00:00,matched,account+reg
98fb2b6a-7616-4503-86a6-b5ba1434ef2f,SOL-440825,completed,Invoiced,ANGE-0001,LT00JNGP,2026-03-15T23:59:59+00:00,2026-03-23T13:35:23.527687+00:00,missing,no-vehicle-match
c2aa9683-0de3-4bcf-bff3-7f10a3f247a9,SOL-183317,completed,Completed,HITA-0001,MS53MKGP,2026-03-15T23:59:59+00:00,2026-03-25T10:41:12.50714+00:00,matched,account+reg
7ca99c93-87fd-43bf-8f3b-b33ee6299c3e,SOL-373947,completed,Invoiced,ANGE-0001,FN85FKGP,2026-03-15T23:59:59+00:00,2026-03-23T13:53:53.79162+00:00,missing,no-vehicle-match
ee7ed4e2-6c29-4307-b92c-56f1c246bd0e,SOL-997920,completed,Invoiced,TLOG-0001,PLS243 - KSF074MP,2026-03-13T23:59:59+00:00,2026-04-13T10:28:04.034682+00:00,matched,account+reg
226d3028-ac0b-49b1-af1a-0c58b37d334d,SOL-760653,completed,Completed,MACS-0022,TOYOTA,2026-03-15T23:59:59+00:00,2026-02-25T06:55:48.492225+00:00,missing,no-vehicle-match
4471a8dd-9ecb-4763-9121-10ad99432e1f,SOL-737553,completed,Invoiced,MACS-0026,BX41BHGP,2026-03-31T23:59:59+00:00,2026-03-30T12:56:18.075976+00:00,matched,account+reg
f617b4d3-f834-414b-8e74-d406bc6be097,SOL-701980,completed,Completed,HITA-0001,MS53MCGP,2026-03-15T23:59:59+00:00,2026-03-25T11:08:52.700858+00:00,matched,account+reg
c7df63e8-6268-40a0-8922-3907c2225c9a,SOL-504254,completed,Completed,HITA-0001,MS53JZGP,2026-03-15T23:59:59+00:00,2026-03-25T10:45:35.263376+00:00,matched,account+reg
e9da6473-93fc-4754-80ee-8a1f8fbf2661,SOL-632738,completed,Invoiced,ALST-0001,JX75VDGP,2026-04-20T10:01:20.851487+00:00,2026-04-17T06:14:32.34002+00:00,missing,no-vehicle-match
e1d05a09-4480-4fba-85e0-8b14bc287236,SOL-555167,completed,Invoiced,HITA-0001,MS53LFGP,2026-05-06T14:19:05.050981+00:00,2026-03-25T10:39:43.586758+00:00,matched,account+reg
272418ed-d7f2-4571-ad76-29788ad6bcaf,SOL-351666,completed,Invoiced,HITA-0001,MS53MPGP,2026-05-06T14:22:10.891017+00:00,2026-03-25T10:42:23.939893+00:00,matched,account+reg
47bf1a91-46d2-404f-b449-6dfb710cc964,SOL-394104,completed,Invoiced,TTEX-0001,JHD696FS - EX52,2026-03-17T23:59:59+00:00,2026-04-02T09:00:46.516229+00:00,matched,account+reg
5cbbcb42-fd56-49e2-b5cf-295742220dc5,SOL-506862,completed,Invoiced,EPSC-0002,DATA UPLOAD  - JF74XHGP,2026-04-20T11:44:24.469373+00:00,2026-04-20T11:43:59.394714+00:00,missing,no-vehicle-match
e35f08f4-5268-47cf-a25c-f7ce1032f483,SOL-843065,completed,Invoiced,HITA-0001,MS53MHGP,2026-05-06T14:23:27.917204+00:00,2026-04-02T11:28:54.879597+00:00,matched,account+reg
78854208-8bd8-41b8-9076-39381979c840,SOL-629999,completed,Invoiced,HITA-0001,MS60GZGP,2026-05-06T14:26:42.871338+00:00,2026-04-02T12:36:32.245847+00:00,matched,account+reg
f125ac71-32f0-4c62-a050-b50e9d00cc47,SOL-625531,completed,Invoiced,ALST-0001,CH835877,2026-05-12T05:17:39.808955+00:00,2026-05-05T09:06:37.186459+00:00,missing,no-vehicle-match
84ebfb60-490c-4cc5-a892-8123cbe38b7b,SOL-120044,completed,Invoiced,TLOG-0001,LCM197MP - RH32,2026-05-06T09:22:27.994072+00:00,2026-04-20T12:53:48.426988+00:00,missing,no-vehicle-match
969b1ffe-87d7-4d9e-a361-d92dc2c9f84d,SOL-611855,completed,Invoiced,EDGE-0004,TEMP019013,2026-05-06T08:41:16.812167+00:00,2026-01-08T09:08:32.617289+00:00,missing,no-vehicle-match
68b564ff-d560-490f-973c-68b9685de7b4,SOL-995120,completed,Invoiced,MAYS-0001,DATA UPLOAD - MAY002,2026-03-31T23:59:59+00:00,2026-03-31T08:24:11.81045+00:00,missing,no-vehicle-match
2055a5a3-0b9e-4b55-b35a-8c31d475d915,SOL-171883,completed,Invoiced,ALST-0001,CH835579,2026-05-12T05:18:19.833652+00:00,2026-05-05T09:00:03.505278+00:00,missing,no-vehicle-match
ce4404c7-e286-43a6-80a7-6690739ab05d,JOB-1754928396962-95tzjqikr,completed,Invoiced,,AB56CDGP,2026-03-01T23:59:59+00:00,2025-08-11T16:06:37.923249+00:00,missing,no-vehicle-match
31908a6a-e4d2-4438-9c0f-8878723792c6,SOL-765220,completed,Completed,TLOG-0001,JJT994FS - PLS242,2026-04-19T16:55:17.911994+00:00,2026-04-02T08:43:44.156733+00:00,missing,no-vehicle-match
8b5001e9-a1c7-4d55-bda5-dc22345161b4,SOL-304758,completed,Invoiced,EPSC-0001,DATA UPLOAD - HW67VCGP,2026-03-31T11:40:07.073842+00:00,2026-03-31T10:43:44.027383+00:00,missing,no-vehicle-match
3e89d83f-00b7-4629-87ef-c148491b7c7e,SOL-635581,completed,Invoiced,EPSC-0001,DATA UPLOAD - JF74XHGP,2026-03-31T23:59:59+00:00,2026-03-31T10:44:02.085314+00:00,missing,no-vehicle-match
ba8eb4b7-b8e2-47a2-8eb7-802ea98eb701,SOL-244000,completed,Invoiced,MAYS-0001,DATA UPLOAD - MAY509,2026-03-31T23:59:59+00:00,2026-03-31T08:24:06.845795+00:00,missing,no-vehicle-match
e9b20360-86b2-4ad7-9ce8-815dee92594f,SOL-524749,completed,Completed,ACTE-0001,HJB791L,2026-04-17T03:42:06.076322+00:00,2026-04-16T12:50:50.878689+00:00,missing,no-vehicle-match
d6dec133-a8fa-4691-92f5-84be11f216f2,SOL-655523,completed,Invoiced,DCCT-0001,NEW DASH INSTAALL - LW02LZGP,2026-05-08T09:15:33.953202+00:00,2026-05-06T08:54:02.295922+00:00,missing,no-vehicle-match
873afa63-f6fc-424f-b6a5-a89c546441de,SOL-489882,completed,Invoiced,TTLI-0001,PANIC INSTALLS,2026-05-06T09:20:14.731942+00:00,2026-04-23T08:33:01.167721+00:00,missing,no-vehicle-match
c1edae2e-6072-4249-a49d-a4819d2b2ec4,SOL-825729,completed,Invoiced,DCCT-0001,NEW DASHCAM INSTALL - MD36TGGP,2026-05-08T09:15:09.305563+00:00,2026-05-06T08:54:56.811647+00:00,missing,no-vehicle-match
d8373104-14cf-4437-b839-41d6e87cf111,SOL-617357,completed,Invoiced,WACA-0001,KC31RGGP - CAN AND BUZZER INSTALL,2026-05-08T09:22:41.972801+00:00,2026-05-06T11:29:32.590781+00:00,missing,no-vehicle-match
a4a407d5-118f-460b-93bb-202da039867a,SOL-111660,completed,Invoiced,AUMA-0001,MW25XKGP,2026-05-08T11:40:10.173845+00:00,2026-04-30T07:49:17.291504+00:00,missing,no-vehicle-match
719e0a53-1e14-4cc8-8c79-275f59981f32,SOL-424827,completed,Completed,ANGE-0001,LK19JHGP,2026-03-15T23:59:59+00:00,2026-03-23T13:26:59.184652+00:00,missing,no-vehicle-match
d2936d91-80f0-4db1-b9e1-33b6f1cd9b58,SOL-694958,completed,Completed,EDGE-0008,TEMP271602,2026-05-12T09:21:15.26525+00:00,2026-02-23T07:46:36.933642+00:00,matched,account+reg
036b859b-011e-4bcb-b992-cd6b114d411c,SOL-704813,completed,Completed,TACI-0001,MX85TNGP,2026-04-13T09:33:16.22772+00:00,2026-04-09T13:40:18.446384+00:00,missing,no-vehicle-match
73b8970a-9efb-44f4-888a-fbeca5783515,SOL-650464,completed,Completed,TACI-0001,LY16TGGP,2026-04-13T10:05:58.574033+00:00,2026-03-27T13:02:17.345606+00:00,matched,account+reg
55ceb3e2-d5e9-4093-97ea-a350936b6443,SOL-169108,completed,Invoiced,HITA-0001,MS53LSGP,2026-05-07T07:31:17.034762+00:00,2026-04-02T13:35:42.554265+00:00,matched,account+reg
48ac49de-ee05-471b-88f2-c4d897aae86b,SOL-928170,completed,Completed,HITA-0001,MS53LYGP,2026-03-15T23:59:59+00:00,2026-03-25T11:00:58.583336+00:00,missing,no-vehicle-match
4210d851-47f4-4001-9e9c-47dec05130e9,SOL-299581,completed,Invoiced,HITA-0001,MC79XGGP,2026-05-07T08:41:37.604106+00:00,2026-04-22T06:40:34.170093+00:00,matched,account+reg
6ce83b45-5eb2-4aac-a6ba-a02ea2f298a9,SOL-757744,completed,Completed,PRCR-0001,CB12,2026-04-15T11:52:28.519103+00:00,2026-04-14T12:41:46.569168+00:00,missing,no-vehicle-match
d8d22787-893e-49fb-963f-d320791b82f6,SOL-211735,completed,Invoiced,HITA-0001,LM39CMGP,2026-05-07T08:42:50.69727+00:00,2026-04-22T07:03:36.475522+00:00,matched,account+reg
a9d9199a-31b3-42df-8a6a-dcd8859bb261,SOL-196293,assigned,Completed,ADVE-0001,CN32070,2026-04-30T11:57:24.249+00:00,2026-04-13T06:43:18.097404+00:00,missing,no-vehicle-match
88cd130a-71f3-4fd0-9b06-2234dcca96ce,SOL-495571,completed,Invoiced,TACI-0001,B413BOT,2026-05-07T09:03:46.386409+00:00,2026-04-28T08:57:39.612243+00:00,missing,no-vehicle-match
6be90565-9cbb-43ad-b860-0ad34486481c,SOL-878699,completed,Completed,HITA-0001,MS53KHGP,2026-03-15T23:59:59+00:00,2026-03-25T10:38:17.794314+00:00,matched,account+reg
5e560c69-323f-4788-8498-94f441559801,SOL-389706,completed,Invoiced,ALST-0001,CH835580,2026-05-12T05:16:50.280649+00:00,2026-05-05T09:16:02.934347+00:00,missing,no-vehicle-match
bf8f3e41-bf04-481d-9bbe-5db855f94901,SOL-583972,completed,Invoiced,EPSC-0001,Data Upload - KY69YNGP,2026-05-11T11:52:04.544926+00:00,2026-04-17T09:41:00.091615+00:00,missing,no-vehicle-match
adbd4430-9403-405a-a413-782e7a0d52bf,SOL-932955,completed,Invoiced,THES-0002,JH57ZDGP ,2026-05-07T13:28:38.821+00:00,2026-03-31T08:41:58.657514+00:00,missing,no-vehicle-match
2a6fdbbb-26e8-47e1-961d-b0987bbbbe15,SOL-437932,completed,Invoiced,HITA-0001,MS53KYGP,2026-05-08T12:06:11.784+00:00,2026-05-08T12:03:34.090471+00:00,matched,account+reg
492c0ae7-6bac-4a1e-9abd-0576b0d70c87,SOL-704027,completed,Completed,ALST-0001,JZ88CYGP,2026-05-07T09:54:25.186197+00:00,2026-04-17T07:14:49.846102+00:00,missing,no-vehicle-match
62037c40-aab7-4e20-b763-6bdaefc744a9,SOL-930914,completed,Invoiced,ENER-0001,,2026-03-20T23:59:59+00:00,2026-03-30T10:38:07.730233+00:00,missing,no-reg
afa1e1b6-eab6-4c33-af6e-1557165db671,SOL-265293,completed,Completed,TTLI-0001,PANIC INSTALLS ,2026-04-21T06:59:00.052353+00:00,2026-04-20T13:26:12.403252+00:00,missing,no-vehicle-match
fa07a065-6f9f-449c-b0f7-f1c3266f1085,SOL-762340,completed,Invoiced,HITA-0001,MS53JSGP,2026-05-07T07:32:49.306753+00:00,2026-04-05T07:28:34.953433+00:00,matched,account+reg
efffae80-c18b-48bf-8043-b5b3a9ea5beb,JOB-1754983842269-ls95urb0r,completed,Completed,,gdjd,2026-04-21T07:49:27.647322+00:00,2025-08-12T07:30:44.138514+00:00,missing,no-vehicle-match
b91d6b30-516a-4668-afcc-abdc4c9a9b3a,SOL-102024,completed,Completed,EDGE-0017,CA270479,2026-05-12T09:19:36.234632+00:00,2026-03-03T13:36:50.854254+00:00,matched,account+reg
936da2a0-3c3d-494b-b0f3-6bd556770c88,JOB-1759739233446-ki6gza0bq,completed,Completed,,,2026-04-21T07:54:13.543521+00:00,2025-10-06T08:27:13.562447+00:00,missing,no-reg
95dcc882-aac9-4c9b-9df1-08a2f1453311,SOL-526962,completed,Invoiced,EDGE-0008,CF79009,2026-05-08T09:08:27.585+00:00,2026-05-05T11:28:30.877467+00:00,matched,account+reg
e2c388cf-72ef-469a-a61d-6225e90d00cf,SOL-294370,completed,Invoiced,ALST-0001,,2026-05-07T10:19:03.110127+00:00,2026-05-07T10:18:46.236788+00:00,missing,no-reg
edc88ad9-bf98-4a4f-8526-287ff6c9c4b8,SOL-971082,completed,Invoiced,HITA-0001,MS53LVGP,2026-05-07T07:36:08.419117+00:00,2026-04-05T07:52:21.419793+00:00,matched,account+reg
17b10175-1dd1-41cc-92fa-32401cfa21b7,SOL-174791,completed,Completed,MACS-0023,VLK687GP,2026-05-11T04:24:29.790498+00:00,2026-05-08T10:01:15.765624+00:00,matched,account+reg
b6069a62-649d-49fc-8711-64f578a482ea,SOL-529538,completed,Invoiced,HITA-0001,KT69JSGP,2026-05-07T08:37:22.433251+00:00,2026-04-21T08:37:27.756344+00:00,matched,account+reg
b56e4034-76e8-4bf7-b60d-c601c69ab18e,SOL-586561,completed,Invoiced,HITA-0001,KB11JZGP,2026-05-07T08:37:59.677757+00:00,2026-04-21T08:44:55.709725+00:00,matched,account+reg
da23fc6f-68f5-4955-8e83-bec675d9db72,SOL-955805,completed,Invoiced,HITA-0001,LL73HXGP,2026-05-07T08:40:34.630691+00:00,2026-04-21T12:42:26.38003+00:00,matched,account+reg
21e9d797-0811-4f2b-b4b8-029e47a71ea8,SOL-365736,completed,Completed,TACI-0001,LT57WLGP ,2026-05-11T12:35:30.863+00:00,2026-03-30T07:30:48.431284+00:00,matched,account+reg
e718131d-c94b-4382-a5a0-21cbc72f5e89,SOL-377751,completed,Completed,TLOG-0001,,2026-04-21T08:00:54.141988+00:00,2026-04-20T12:37:25.990204+00:00,missing,no-reg
2da64996-9fe8-4713-af2c-12e69bab85ba,SOL-414997,completed,Invoiced,HITA-0001,LJ64KHGP,2026-05-07T08:39:45.843579+00:00,2026-04-21T12:30:32.494318+00:00,matched,account+reg
25e0a4cc-22c0-4eae-8c82-4926db23226e,SOL-257467,completed,Invoiced,HITA-0001,Nelspruit Service	2006-0222,2026-04-20T05:06:12.147842+00:00,2026-04-15T09:50:54.180622+00:00,missing,no-vehicle-match
3a41a768-3264-470c-8efa-dc1e6c92929d,SOL-496004,completed,Completed,ACTE-0001,JZ93DZGP ,2026-04-17T03:55:13.432635+00:00,2026-04-16T12:02:12.55479+00:00,missing,no-vehicle-match
9759aec9-579d-443d-8d7f-4df0c1530b92,SOL-419019,completed,Invoiced,HITA-0001,LL73BNGP,2026-05-07T08:43:21.064267+00:00,2026-04-22T07:10:54.247272+00:00,matched,account+reg
644d5a3d-ad01-496b-bd89-9400bee2d563,SOL-453592,completed,Completed,EDGE-0004,,2026-04-22T05:16:26.747822+00:00,2026-01-30T08:18:10.570511+00:00,missing,no-reg
4fdd0426-7e25-44b5-9358-be0e417ff462,SOL-860477,completed,Invoiced,HITA-0001,MC80PTGP,2026-05-07T08:43:53.375292+00:00,2026-04-23T09:34:35.577311+00:00,matched,account+reg
5d824382-c16d-4dea-8024-ac2bc5b910ca,SOL-301483,completed,Invoiced,HITA-0001,MC80WYGP,2026-05-07T08:44:32.945475+00:00,2026-04-23T09:39:33.293381+00:00,matched,account+reg
b4d72caa-18a5-483c-a287-def88ae76b68,JOB-1755166391853-wfj7r2d31,completed,Completed,,BW81FZGP,2026-04-21T07:55:05.283857+00:00,2025-08-14T10:13:11.910693+00:00,missing,no-vehicle-match
1b91f1ae-0776-4466-bc24-9e2a6a103fd0,JOB-1760518635073-2ah6te6vu,completed,Completed,,,2026-04-22T05:16:38.627663+00:00,2025-10-15T08:57:15.185078+00:00,missing,no-reg
591fee59-bd38-463c-8c94-333e6056d957,SOL-763761,completed,Invoiced,PETE-0001,JRM011MP,2026-05-07T08:52:05.863257+00:00,2026-04-23T10:31:08.255305+00:00,matched,account+reg
f63af6dd-ac6b-4376-8d6e-9dede2c4c349,SOL-730788,completed,Invoiced,ALST-0001,JP33GVGP,2026-04-20T08:26:28.953405+00:00,2026-04-17T06:31:28.065313+00:00,missing,no-vehicle-match
0fe39a2e-a3be-4595-b3c3-0eba4950cb93,JOB-1755236844666-vs0vpavnl,completed,Completed,,,2026-04-21T07:54:54.422849+00:00,2025-08-15T05:47:26.974245+00:00,missing,no-reg
7f715d8a-a63f-405c-bff7-64ff63467b22,JOB-1755234972013-9s1326gnl,completed,Completed,,AB848CDGP,2026-04-21T07:54:57.741735+00:00,2025-08-15T05:16:14.338539+00:00,missing,no-vehicle-match
897503a9-6374-47ab-804e-6bf48064505e,SOL-607516,completed,Completed,TTLI-0001,MB12SFGP - LH42,2026-04-19T16:59:36.461529+00:00,2026-04-02T08:47:25.792155+00:00,missing,no-vehicle-match
ab42d5c1-fccb-4056-8e19-507a42aefa3c,SOL-811786,completed,Completed,KARG-0008,CH009075,2026-04-19T18:15:16.314253+00:00,2026-04-07T12:21:02.965585+00:00,missing,no-vehicle-match
3373bb8f-760e-4254-a292-187ee3482f46,JOB-1755239791418-dtrnkmi72,completed,Completed,,,2026-04-21T07:54:41.824872+00:00,2025-08-15T06:36:33.824188+00:00,missing,no-reg
6141b497-319f-4bfd-8d89-0ede823a229a,JOB-1755637885732-h9r8qqa24,completed,Completed,,AB00896CDGP,2026-04-21T07:54:26.796927+00:00,2025-08-19T21:11:25.527163+00:00,missing,no-vehicle-match
48d3e375-7445-4fc0-90dd-315cc4bb6679,JOB-1755496437744-dnwazjwpu,completed,Completed,,AB56CDGP,2026-04-21T07:54:30.315713+00:00,2025-08-18T05:53:58.492526+00:00,missing,no-vehicle-match
4f0bc628-e9a8-4649-b49a-7a2dfed6f27c,SOL-819447,completed,Completed,EDGE-0005,HF99SKGP,2026-04-15T05:45:05.265115+00:00,2026-03-19T11:19:31.274835+00:00,matched,account+reg
f208f577-91b8-4d5a-9ede-79dc57b45c64,SOL-736247,completed,Completed,EDGE-0001,,2026-04-15T05:46:17.401+00:00,2025-11-04T06:35:57.145041+00:00,missing,no-reg
b790e832-45b1-4945-9c00-0a3065dfd22d,SOL-457666,completed,Completed,TLOG-0001,KRS017MP - PLS236,2026-04-19T17:01:53.684463+00:00,2026-04-02T08:40:29.651591+00:00,missing,no-vehicle-match
a41ccf0c-145a-4916-ace4-4a83b9eb4f30,JOB-1755495721989-aizwya2f8,completed,Completed,,AB56CDGP,2026-04-21T07:54:33.937607+00:00,2025-08-18T05:42:02.744426+00:00,missing,no-vehicle-match
f687519b-471c-4398-9857-6ee329c3dfdf,SOL-183468,completed,Completed,FRSI-0001,,2026-04-15T05:52:02.039+00:00,2025-11-04T06:51:23.895806+00:00,missing,no-reg
b72f7019-4fb6-4c00-b382-7efd97e433aa,JOB-1764921506884-rrvk1oxuf,completed,Completed,,,2026-04-21T07:56:55.0567+00:00,2025-12-05T07:58:26.987328+00:00,missing,no-reg
4f8216fe-7162-404f-9730-a5473d8afc81,SOL-579627,completed,Completed,EDGE-0005,HC02MZGP,2026-03-23T04:47:59.007+00:00,2026-03-19T11:26:58.31308+00:00,matched,account+reg
c5637f7b-4d0f-4e6a-9d91-b47b24bdb3cb,SOL-204793,completed,Completed,EDGE-0004,,2026-04-15T07:25:38.371706+00:00,2025-11-13T13:03:25.959856+00:00,missing,no-reg
dc7e2b5f-bbeb-4634-a547-d38decd26aa9,SOL-420987,completed,Invoiced,MACS-0026,JM47FKGP,2026-05-07T11:42:30.887+00:00,2026-05-06T07:33:54.09741+00:00,matched,account+reg
e00ed7b1-f266-4d66-9f74-798f54cb47c1,SOL-525889,completed,Completed,TTLI-0001,PANIC INSTALLS ,2026-04-21T07:03:58.579651+00:00,2026-04-20T13:23:49.029022+00:00,missing,no-vehicle-match
f9c5dfde-4b29-4d43-bc6c-8d0572111405,SOL-797426,completed,Invoiced,THES-0002,KCY462MP ,2026-05-07T12:31:01.017+00:00,2026-04-09T11:03:47.377058+00:00,missing,no-vehicle-match
575048bb-04b6-4667-856d-66f18f7312d8,SOL-636874,completed,Completed,JOLO-0001,,2026-04-22T05:21:10.832524+00:00,2026-01-26T12:17:50.924259+00:00,missing,no-reg
a138e2d8-98fd-475d-a21e-435b94b9d1bb,SOL-457457,completed,Completed,ACTE-0001,FYR 731MP,2026-03-19T08:00:19.171392+00:00,2026-03-17T14:12:02.507487+00:00,missing,no-vehicle-match
fa067e9d-000b-4c21-8cd0-fbcfa9d4de9e,SOL-437780,completed,Completed,EDGE-0013,LJF099NW,2026-03-18T07:22:38.399294+00:00,2026-03-13T11:24:03.120576+00:00,matched,reg-only
09300552-ccbc-407a-9b5c-71bb5fb7f858,SOL-184784,completed,Completed,TLOG-0001,JGV570FS - VT09 - PD121,2026-04-19T17:09:40.954097+00:00,2026-04-02T07:49:04.092373+00:00,missing,no-vehicle-match
280e3dbc-e89e-4bdc-aac3-2b88a425b503,SOL-882375,completed,Invoiced,THES-0002,LMR027MP,2026-05-07T12:32:27.91+00:00,2026-04-09T11:02:55.399338+00:00,missing,no-vehicle-match
09baf76f-273f-4fef-bca4-9d7e44d6219f,SOL-325360,completed,Completed,EDGE-0013,LJF098NW,2026-03-25T11:04:48.932758+00:00,2026-03-13T11:24:05.043587+00:00,matched,reg-only
910b496e-6141-4d72-8832-667745fabfd5,SOL-156995,completed,Invoiced,THES-0002,KY79LGGP ,2026-05-07T13:28:46.095+00:00,2026-03-31T08:41:53.209253+00:00,missing,no-vehicle-match
4dd0ba7f-4ec5-4dca-b6f0-7b502fab8daf,SOL-669117,completed,Completed,TRIA-0001,,2026-04-20T05:05:38.871555+00:00,2025-11-26T06:15:34.114807+00:00,missing,no-reg
cdc19ea2-13ca-4e57-92b6-5f09d9730911,SOL-861668,completed,Invoiced,TACI-0001,B557BXN,2026-05-07T13:48:49.160683+00:00,2026-05-06T08:22:38.8926+00:00,missing,no-vehicle-match
117df8f7-5937-409b-9551-db47f3e0d24d,SOL-989640,completed,Invoiced,ANGE-0001,YMM294GP,2026-04-21T09:51:56.28389+00:00,2026-03-23T13:45:40.050128+00:00,missing,no-vehicle-match
f442157b-2afe-4ec9-83e8-29bb84e19aca,SOL-882699,completed,Completed,EDGE-0007,CAA542682,2026-03-25T11:06:37.210582+00:00,2026-03-03T12:20:32.225833+00:00,missing,no-vehicle-match
5a9e616f-48b3-4b56-9371-1603633e4e63,SOL-349183,completed,Completed,HITA-0001,MS53KCGP,2026-04-15T12:20:16.479893+00:00,2026-02-17T14:21:12.594228+00:00,matched,account+reg
8791f412-6f20-48c9-a10d-9a29c04fe2c9,SOL-155691,completed,Completed,AVVA-0001,,2026-04-15T05:53:07.56987+00:00,2026-02-10T07:19:42.482665+00:00,missing,no-reg
587ed6cb-bb69-4fd9-90c7-20207b4080e2,SOL-545123,completed,Completed,EDGE-0034,JZ33KBGP,2026-05-12T09:22:14.375174+00:00,2026-02-18T12:40:55.48762+00:00,missing,no-vehicle-match
f5e98552-5261-46e4-baa5-8fc2687d7e7a,SOL-151996,completed,Completed,ACTE-0001,HBZ 874MP,2026-03-19T08:01:22.567619+00:00,2026-03-17T14:09:52.829211+00:00,missing,no-vehicle-match
e4b425be-dc46-4d85-bc22-8c901a2c82f2,SOL-515105,completed,Completed,ACTE-0001,HJD 494MP,2026-03-19T08:02:52.547043+00:00,2026-03-17T14:03:07.154669+00:00,missing,no-vehicle-match
f8f45493-90a8-47e0-a140-3eb4f8b76f8f,SOL-612814,completed,Completed,ACTE-0001,FVW743MP,2026-03-19T10:53:54.93752+00:00,2026-03-03T06:50:18.8152+00:00,missing,no-vehicle-match
21c10045-1d06-48b2-af81-898da5a8c134,SOL-796725,completed,Completed,ACTE-0001,JJG 655MP,2026-03-19T10:46:01.309437+00:00,2026-03-03T06:50:31.311344+00:00,missing,no-vehicle-match
d3d02b86-b8ef-423c-a0df-c344393e9f1e,SOL-879697,completed,Completed,ACTE-0001,JJK612MP ,2026-03-19T10:50:54.340392+00:00,2026-03-03T06:50:26.984041+00:00,missing,no-vehicle-match
55babfdc-2ead-4c22-923f-e4b8d0b0a221,SOL-642295,completed,Completed,MACS-0018,KD32YGGP,2026-04-14T04:53:26.119738+00:00,2026-04-01T11:12:57.598201+00:00,matched,account+reg
a6de47ee-4118-40ef-901a-09fe0a4f05aa,SOL-129057,completed,Completed,ACTE-0001,FTG 767MP,2026-03-19T08:04:12.655513+00:00,2026-03-17T13:59:30.911353+00:00,missing,no-vehicle-match
4176317c-edd7-428f-9240-4da4c7aaf7ba,SOL-155877,completed,Invoiced,ACTE-0001,JJK 609MP,2026-03-19T23:59:59+00:00,2026-03-03T06:50:22.138167+00:00,matched,account+reg
1723db90-099a-46bf-8c1e-531b9c5180d9,SOL-429407,completed,Completed,ACTE-0001,KCT 046MP,2026-03-19T10:40:17.29491+00:00,2026-03-03T07:24:50.963629+00:00,missing,no-vehicle-match
2f0ed17d-a748-43c0-9f58-171d44993f16,SOL-262116,completed,Completed,EDGE-0005,FM00LKGP,2026-03-25T11:06:51.638557+00:00,2026-02-27T08:42:18.05454+00:00,matched,account+reg
cbf211bf-96fc-456b-bd46-5af6af18630d,SOL-533834,completed,Completed,ACTE-0001,HYN 990MP,2026-03-19T08:05:30.098674+00:00,2026-03-17T13:56:59.385551+00:00,missing,no-vehicle-match
fc0df04f-018d-49e5-9e67-7ac878ee1233,SOL-597188,completed,Invoiced,EDGE-0047,TEMPKA0006,2026-05-08T09:08:42.845+00:00,2026-04-16T06:06:28.675887+00:00,missing,no-vehicle-match
a11393e3-221f-4e03-a009-6c3131785672,SOL-296666,completed,Completed,EDGE-0013,LBM628NW,2026-03-25T11:07:03.298012+00:00,2026-02-27T07:48:48.440787+00:00,matched,reg-only
98f0b655-805a-4045-8047-ea4a44e3cff2,SOL-705330,completed,Completed,EDGE-0013,JVP656NW,2026-03-25T11:07:15.478236+00:00,2026-02-27T07:48:46.45259+00:00,matched,reg-only
34c857c4-f3df-48f3-afb7-5fd14c784efe,SOL-767064,completed,Completed,EDGE-0009,,2026-04-14T04:56:01.821519+00:00,2025-11-11T10:57:47.052868+00:00,missing,no-reg
4736e570-8b24-4d88-8f0a-d2089ba6c114,SOL-137849,completed,Invoiced,EPSC-0002,DATA UPLOAD - MW90NSGP,2026-05-08T09:16:44.843312+00:00,2026-04-28T08:38:50.471514+00:00,missing,no-vehicle-match
3581938b-3cfb-4856-a9c9-e631cdb1c528,SOL-925203,completed,Invoiced,EPSC-0001,DATA UPLOAD - JF68FMGP,2026-05-08T09:17:43.627211+00:00,2026-04-14T09:55:43.945704+00:00,missing,no-vehicle-match
38eb9275-d9ed-421f-a893-359ea14f7fd8,SOL-283967,completed,Completed,ACTE-0001,JWL 244MP,2026-03-19T08:20:57.346753+00:00,2026-03-17T13:48:15.932829+00:00,missing,no-vehicle-match
d5d9010c-2912-438d-949f-59b62425c4a7,SOL-375171,completed,Completed,EDGE-0013,FC60MKGP,2026-03-18T07:22:29.247692+00:00,2026-03-13T11:24:09.971796+00:00,matched,reg-only
b4d247a9-2185-4d3b-9861-a51de952d048,SOL-996339,completed,Completed,EDGE-0013,LDJ739NW,2026-03-18T08:43:51.769+00:00,2026-03-13T11:29:02.406548+00:00,matched,reg-only
495b85f4-f2af-4bdd-b610-a0e9082e874f,SOL-873075,completed,Completed,EDGE-0013,JPW604NW,2026-03-25T11:07:25.711238+00:00,2026-02-27T07:48:39.116022+00:00,matched,reg-only
fc3bb9c0-d640-4e28-8102-4677177bbcb8,SOL-809711,completed,Completed,TTFM-0001,KXZ482MP - BD01,2026-04-20T13:32:58.760345+00:00,2026-04-20T11:47:13.744099+00:00,missing,no-vehicle-match
3a0a66d8-af81-4b31-a9b0-1cf0328e6b6f,SOL-237548,completed,Completed,ACTE-0001,JJG 589MP,2026-03-19T06:21:54.178944+00:00,2026-03-18T11:49:41.69237+00:00,missing,no-vehicle-match
e59492c0-6e0a-40f1-aac6-b25f31703ad5,SOL-888081,completed,Completed,ACTE-0001,HBZ 869MP,2026-03-19T08:22:35.585625+00:00,2026-03-17T13:45:52.2306+00:00,matched,account+reg
270f1cb5-546d-4451-a42a-c30456267979,SOL-850977,completed,Completed,KARG-0002,CH009108,2026-05-12T14:02:55.52+00:00,2026-05-05T13:37:20.680751+00:00,missing,no-vehicle-match
17812fbf-afea-4916-be3a-52b05e12a87a,SOL-248082,completed,Completed,ACTE-0001,HCR 060MP,2026-03-19T07:27:21.499738+00:00,2026-03-18T11:08:57.980032+00:00,matched,account+reg
22dd5214-c4aa-4183-9bdf-6d53b9df7d14,SOL-133375,completed,Completed,ACTE-0001,FYP 926MP,2026-03-19T08:24:09.530759+00:00,2026-03-17T13:41:59.097808+00:00,missing,no-vehicle-match
bd88fa22-0b64-4bf0-9614-6dda573176b4,SOL-649932,completed,Completed,JOLO-0001,,2026-04-15T05:54:07.50445+00:00,2026-01-26T12:24:31.254278+00:00,missing,no-reg
f3edb156-1261-419e-93eb-7c46d43ef27d,SOL-516446,completed,Completed,ARGO-0001,CH998554,2026-05-12T14:23:34.322925+00:00,2026-04-22T13:12:30.785975+00:00,missing,no-vehicle-match
0f6d071a-b068-4263-a51a-f532a03e708b,SOL-370894,completed,Completed,ACTE-0001,HCR 052MP,2026-03-19T08:25:42.330458+00:00,2026-03-17T13:37:03.997435+00:00,missing,no-vehicle-match
3f031009-9cab-4430-ad19-7beffd15629f,SOL-824210,completed,Completed,TTLI-0001,PANIC INSTALLS ,2026-04-21T07:06:07.656108+00:00,2026-04-20T13:20:23.765292+00:00,missing,no-vehicle-match
1a928d25-9245-4961-8558-258f04154eeb,SOL-689650,completed,Invoiced,MACS-0022,HS85CMGP,2026-03-01T23:59:59+00:00,2026-02-25T06:55:53.751627+00:00,matched,account+reg
f6879441-5100-4924-abf8-f368c84bbee4,SOL-808359,completed,Completed,EDGE-0005,MD74KPGP,2026-03-25T11:07:58.083573+00:00,2026-02-23T07:46:43.526525+00:00,matched,account+reg
5598f6f4-a58a-4cec-b57c-d689a143b19a,SOL-884903,completed,Completed,ACTE-0001,LCX 060MP,2026-03-19T08:29:55.349267+00:00,2026-03-17T13:29:07.079471+00:00,missing,no-vehicle-match
616b186d-7208-4eea-bac1-3f6748ea104a,SOL-776312,completed,Completed,EDGE-0005,TEMPJT68705,2026-03-19T09:18:32.198+00:00,2026-02-23T07:46:55.047068+00:00,matched,account+reg
a31b582a-fd0e-4bc2-bd18-4fb0191c260e,SOL-943393,completed,Completed,EDGE-0009,JCM767FS,2026-03-25T11:08:11.302464+00:00,2026-02-18T12:06:14.363161+00:00,missing,no-vehicle-match
ed345980-0715-4f52-98ce-5ef7f5fa0129,SOL-456981,completed,Completed,ACTE-0001,FYR 751MP,2026-03-19T08:09:53.201125+00:00,2026-03-17T13:50:38.038432+00:00,missing,no-vehicle-match
5a36e170-f5a3-47d3-b484-f03347b13afb,SOL-732078,completed,Completed,ARGO-0001,CH998555,2026-05-12T14:25:10.764248+00:00,2026-04-22T13:06:13.095259+00:00,missing,no-vehicle-match
e55b9627-569c-40f0-aaac-ec8e95fd97ec,SOL-540735,completed,Completed,ACTE-0001,FWG 654MP,2026-03-19T05:24:43.227488+00:00,2026-03-18T12:01:12.856601+00:00,missing,no-vehicle-match
0f980595-7fb2-4659-8f9c-46bb6ba9e356,SOL-371135,completed,Completed,ACTE-0001,FWG 659MP,2026-03-19T05:26:46.995174+00:00,2026-03-18T11:59:25.921024+00:00,missing,no-vehicle-match
8d12d8f1-8faf-4c69-8a59-920c75d4e640,SOL-961773,completed,Completed,ACTE-0001,HJD 497MP,2026-03-19T05:28:59.868751+00:00,2026-03-18T11:57:04.094249+00:00,missing,no-vehicle-match
e48dd2c5-1380-4f13-95de-98401dd39eb5,SOL-541837,completed,Completed,ACTE-0001,HGN 896MP,2026-03-19T05:32:21.938+00:00,2026-03-18T12:18:41.620565+00:00,missing,no-vehicle-match
ef5a141b-45da-4e9d-b755-efdb25f19902,SOL-299116,completed,Completed,ACTE-0001,HDK 787MP,2026-03-19T05:31:57.612999+00:00,2026-03-18T11:52:51.235841+00:00,missing,no-vehicle-match
53088017-8cd8-4ce5-98b7-4776aaeb459d,SOL-403866,completed,Completed,ACTE-0001,JJG 588MP,2026-03-19T06:23:14.090739+00:00,2026-03-18T11:47:12.822093+00:00,missing,no-vehicle-match
19ac7b66-e00e-44d3-a48f-e2c1ee1e2c63,SOL-470717,completed,Completed,ACTE-0001,HZB 185MP,2026-03-19T06:25:49.335074+00:00,2026-03-18T11:41:10.312275+00:00,missing,no-vehicle-match
d6fabad8-572d-41e0-ae95-9a42f432dcf9,SOL-486611,completed,Completed,ACTE-0001,JJK 610MP,2026-03-19T10:41:56.481654+00:00,2026-03-03T07:24:45.828606+00:00,missing,no-vehicle-match
b51cb78f-6ada-456e-bb20-4830b8afea56,SOL-163382,completed,Completed,ACTE-0001,HZB 144MP,2026-03-19T06:28:51.524308+00:00,2026-03-18T11:44:08.39106+00:00,missing,no-vehicle-match
adf95e74-8a88-409c-a9ac-2deb7e7b3512,SOL-560452,completed,Completed,ACTE-0001,HDD 137MP,2026-03-19T06:30:39.091503+00:00,2026-03-18T11:38:25.602707+00:00,missing,no-vehicle-match
cf3600ff-dd66-416c-8d21-7272c5dd5f46,SOL-569460,completed,Completed,ACTE-0001,FTG 763MP,2026-03-19T06:32:26.909793+00:00,2026-03-18T11:30:38.414993+00:00,missing,no-vehicle-match
24d25bbe-28a1-4785-9c42-f491ecb7b0be,SOL-845064,completed,Completed,PRCR-0001,,2026-04-15T05:54:20.097258+00:00,2026-01-12T09:44:48.839074+00:00,missing,no-reg
469517c7-fe96-4724-8c24-87b42bd1b8ef,SOL-322273,completed,Completed,ACTE-0001,FVY 831MP,2026-03-19T06:36:31.203+00:00,2026-03-18T11:24:46.493715+00:00,missing,no-vehicle-match
2970d53c-26f9-4c49-9cf9-3bec4db70140,SOL-977982,completed,Completed,ACTE-0001,HDD 129MP,2026-03-19T06:51:10.731952+00:00,2026-03-18T11:19:56.814238+00:00,missing,no-vehicle-match
042168e6-abe5-4b8b-be36-d403c99d77b3,SOL-891169,completed,Completed,ACTE-0001,FYS 337MP,2026-03-19T06:57:19.886985+00:00,2026-03-18T11:16:05.160192+00:00,missing,no-vehicle-match
0af40fc6-b5b3-4a3a-a147-b974308d2694,SOL-704947,completed,Completed,ACTE-0001,JJG 649MP,2026-03-19T06:58:15.011632+00:00,2026-03-18T11:13:26.618401+00:00,missing,no-vehicle-match
61d8abaa-6eb0-4c92-b86f-06d90a29fd6d,SOL-547462,completed,Completed,ACTE-0001,JHC 233MP,2026-03-19T06:59:19.773204+00:00,2026-03-18T11:11:32.984148+00:00,missing,no-vehicle-match
72c644cd-ee9c-4eb5-801a-f21330da4172,SOL-278789,completed,Completed,ACTE-0001,HGP 054MP ,2026-03-19T07:28:30.878684+00:00,2026-03-18T10:58:34.532238+00:00,missing,no-vehicle-match
586d62de-6f25-49ac-889b-17e0a8f44d40,SOL-890726,completed,Completed,ACTE-0001,FYZ 213MP,2026-03-19T07:29:56.779649+00:00,2026-03-18T10:54:58.867321+00:00,missing,no-vehicle-match
edcc48be-dcdd-4756-b11a-28d23f1611e1,SOL-403699,completed,Completed,ACTE-0001,HMJ 355L,2026-03-19T07:56:28.290149+00:00,2026-03-17T14:19:24.377593+00:00,missing,no-vehicle-match
e7b66b25-e50d-46fa-80d2-7bebd30df924,SOL-892244,completed,Completed,ACTE-0001,HMJ 352L,2026-03-19T07:57:44.876399+00:00,2026-03-17T14:16:33.646527+00:00,missing,no-vehicle-match
19b33aa1-e9e4-47c7-8bd7-1207c71006bb,SOL-690286,completed,Completed,ACTE-0001,FYS 351MP,2026-03-19T07:59:15.510896+00:00,2026-03-17T14:14:33.167267+00:00,missing,no-vehicle-match
6a26325f-3f7f-416a-8588-616d80ecfecd,SOL-577937,completed,Completed,ACTE-0001,JJK 618MP,2026-03-19T10:42:59.376817+00:00,2026-03-03T07:24:40.897686+00:00,missing,no-vehicle-match
d17f2ddd-a52c-49ab-ad3e-e371a9da7eea,SOL-266982,completed,Completed,SEVE-0001,F14	- MX28GYGP,2026-04-17T05:06:29.908694+00:00,2026-04-13T12:27:10.643594+00:00,missing,no-vehicle-match
25d8a522-92b3-4e68-94b6-b8b3fe551b2e,SOL-841081,completed,Completed,ARGO-0001,CH998651,2026-05-12T14:26:44.36633+00:00,2026-04-29T07:37:57.635063+00:00,missing,no-vehicle-match
12819bdc-fa44-48f2-a431-9ba0451bc5fe,SOL-525299,completed,Invoiced,EDGE-0004,LB83XNGP,2026-05-06T08:26:57.790866+00:00,2026-04-10T08:39:30.039013+00:00,missing,no-vehicle-match
27091dbf-a665-4a74-80b3-960b3093655b,SOL-980865,completed,Invoiced,EPSC-0001,NEW INSTALL - MW90LPGP,2026-03-16T23:59:59+00:00,2026-03-25T10:27:14.661014+00:00,matched,account+reg
a503e9dc-5f83-4fa6-a46b-92f4b4b7e4cc,SOL-544675,completed,Completed,ACTE-0001,HCX 026L,2026-03-31T08:28:59.618856+00:00,2026-03-31T06:47:26.341773+00:00,missing,no-vehicle-match
68b3aa3e-0f91-47a2-8bfe-e77273e1543e,SOL-543812,completed,Completed,EDGE-0004,,2026-04-15T07:31:07.200649+00:00,2025-11-13T13:03:18.585953+00:00,missing,no-reg
478de348-52cc-4dd1-a69b-61d92e6c6d11,SOL-962208,completed,Completed,ACTE-0001,HCX 033L,2026-03-31T08:31:44.995291+00:00,2026-03-31T06:43:11.148622+00:00,matched,account+reg
17f1136d-f0b7-48ac-8739-167f169c77ff,SOL-113547,completed,Invoiced,HITA-0001,MS53KMGP,2026-05-06T14:24:02.862132+00:00,2026-04-02T11:59:30.769744+00:00,matched,account+reg
d5ee45a1-162c-41a7-a940-e8625d318c83,SOL-529342,completed,Completed,EDGE-0050,CV5359,2026-03-30T10:06:22.331269+00:00,2026-03-30T08:47:01.783377+00:00,matched,account+reg
5ba85a23-ab82-483c-ad9b-96207558015f,SOL-100350,completed,Completed,EDGE-0049,LBN415NW,2026-03-30T10:10:37.764533+00:00,2026-03-30T08:38:15.905649+00:00,missing,no-vehicle-match
b15738c6-051b-4b30-b388-19f6b85d5f1b,SOL-420326,completed,Completed,EDGE-0035,CWV227NC,2026-03-30T11:48:01.073837+00:00,2026-03-30T10:22:17.724262+00:00,matched,account+reg
ae4ed8e5-96d7-4e50-817d-22766c233215,SOL-147272,completed,Completed,EDGE-0004,,2026-04-15T07:25:01.496358+00:00,2025-11-13T13:03:27.609415+00:00,missing,no-reg
b11563f2-2daf-4c85-814a-611544ba3fa4,SOL-657899,completed,Completed,EDGE-0007,,2026-03-30T11:53:00.028418+00:00,2026-01-15T10:20:21.638036+00:00,missing,no-reg
aeff6028-d29b-409a-adf5-0a551c555c93,SOL-986458,completed,Completed,EDGE-0005,LC42TXGP,2026-03-30T11:58:38.194949+00:00,2026-03-19T11:22:44.772114+00:00,matched,account+reg
307dee64-5fe3-44fe-8de5-88c88992ee31,SOL-421420,completed,Completed,TTLI-0001,PANIC INSTALLS ,2026-04-21T06:52:46.456235+00:00,2026-04-20T13:34:04.06391+00:00,missing,no-vehicle-match
ab4f4c0d-bcce-4f41-8e47-e327dacdad53,SOL-783644,completed,Completed,MACS-0035,KBR503NW,2026-05-13T05:07:26.297453+00:00,2026-05-08T11:11:15.689358+00:00,matched,account+reg
e33326b2-67e6-419f-9c03-feb1b7fbd664,SOL-472574,completed,Completed,ACTE-0001,KWB 547MP,2026-03-31T08:34:24.895543+00:00,2026-03-31T06:35:44.076575+00:00,missing,no-vehicle-match
f3f110f6-4690-4db0-a2eb-87c498ad41ca,JOB-1759729687748-r8e1fbph7,completed,Completed,,,2026-04-19T17:18:22.362522+00:00,2025-10-06T05:48:07.852969+00:00,missing,no-reg
75b45365-25f0-4395-bde0-0ffdaf885a21,JOB-1755239560603-tqzw83krz,completed,Completed,,,2026-04-21T07:54:45.275193+00:00,2025-08-15T06:32:43.264189+00:00,missing,no-reg
a29c18b6-8e6b-4d3b-8d38-fc00980cfb4e,SOL-357912,completed,Completed,ACTE-0001,HKL262L,2026-04-17T03:45:00.208577+00:00,2026-04-16T12:23:25.446336+00:00,missing,no-vehicle-match
9f888da1-7605-4682-9c4f-4954ecb0afef,SOL-336671,completed,Invoiced,HITA-0001,MS53JXGP,2026-05-07T07:33:30.413833+00:00,2026-04-05T07:39:23.843451+00:00,matched,account+reg
0b5de782-f657-41e0-9b11-f88eed88a153,SOL-753523,completed,Completed,ACTE-0001,ML51ZNGP,2026-04-17T03:46:03.469064+00:00,2026-04-16T12:19:17.224139+00:00,missing,no-vehicle-match
a13ba805-dcaa-499b-8a46-b31c685e1dd2,SOL-782906,completed,Completed,TTFM-0001,JHD718FS - PB31,2026-04-19T17:04:24.239373+00:00,2026-04-05T09:12:45.035495+00:00,missing,no-vehicle-match
d35d0450-4f3a-4b7e-b528-61b8f027b96e,SOL-749919,completed,Completed,EDGE-0004,MS99KFGP,2026-04-15T07:21:54.550912+00:00,2026-01-30T08:19:13.177616+00:00,missing,no-vehicle-match
799788d6-9d6a-47a0-9ab6-8101a4b9da00,SOL-779738,completed,Completed,EDGE-0004,,2026-04-15T07:22:52.984098+00:00,2026-01-30T08:18:25.200078+00:00,missing,no-reg
944b6418-cef4-4eea-9066-ff7091a68f96,SOL-409838,completed,Invoiced,THES-0002,DN20DHGP,2026-05-07T13:28:24.632+00:00,2026-03-31T08:42:18.452779+00:00,missing,no-vehicle-match
282f8ecb-f334-4dac-a8a3-1a3d06eab878,SOL-602945,completed,Completed,TTLI-0001,PANIC INSTALLS ,2026-04-21T06:56:04.08888+00:00,2026-04-20T13:32:03.325798+00:00,missing,no-vehicle-match
65d60bcf-c4b4-4b8d-acf5-966a4c47ab7c,SOL-153018,completed,Completed,TTLI-0001,PANIC INSTALLS ,2026-04-21T07:10:43.512344+00:00,2026-04-20T13:17:49.006845+00:00,missing,no-vehicle-match
9b099005-bea1-4064-b0c2-6c51969eab81,SOL-302337,completed,Invoiced,THES-0002,LS97SFGP,2026-05-07T13:28:52.589+00:00,2026-03-31T08:41:46.603304+00:00,missing,no-vehicle-match
8364080b-3a38-4ec0-ab5c-db5f5d855353,JOB-1754983990908-jv74w752n,completed,Completed,,AB56CDGP,2026-04-12T22:11:39.664239+00:00,2025-08-12T07:33:12.749736+00:00,missing,no-vehicle-match
3fc8d3dc-aa0c-4959-86d5-5e4c7b58b226,SOL-971433,completed,Completed,INTE-0001,JV02MRGP,2026-04-14T07:51:39.578277+00:00,2026-03-31T07:26:49.248199+00:00,missing,no-vehicle-match
0446f468-9afb-48b0-a525-581e46c1574b,SOL-645483,completed,Invoiced,TACI-0001,MX85VFGP,2026-05-05T13:27:04.535+00:00,2026-04-09T14:03:40.848317+00:00,missing,no-vehicle-match
26892b85-9ae0-4a81-b2b0-3a560c60defb,SOL-692614,completed,Completed,EDGE-0004,,2026-04-15T07:24:10.379636+00:00,2026-01-30T08:18:20.944817+00:00,missing,no-reg
ad0708d4-c360-4b66-88f6-9aa78ea2d039,SOL-545173,completed,Completed,EDGE-0004,,2026-04-15T07:26:13.17315+00:00,2025-11-13T13:03:20.59417+00:00,missing,no-reg
3b1ce5c1-08f2-4aac-ab48-8364c8f368c7,SOL-463717,completed,Completed,AFHU-0001,BG35WJGP ,2026-04-13T10:58:03.989237+00:00,2026-04-09T10:11:30.324161+00:00,missing,no-vehicle-match
bb2a9026-688e-451d-b1ed-8e3cf562c8aa,SOL-676261,completed,Completed,ACTE-0001,HMJ44TRGP,2026-04-17T03:49:38.065429+00:00,2026-04-16T12:10:24.282866+00:00,missing,no-vehicle-match
0c53a5f1-b693-40c4-b9d7-e9552996d3ea,SOL-809523,completed,Completed,PRCR-0001,CB03,2026-04-15T11:58:45.166527+00:00,2026-04-14T12:36:17.713832+00:00,missing,no-vehicle-match
f8bb6cb3-5539-4c06-9df0-5a4e1ac13727,SOL-884834,completed,Completed,EDGE-0004,,2026-04-15T08:09:04.203684+00:00,2026-01-30T08:18:16.821189+00:00,missing,no-reg
1ddf5436-f332-46a8-9e63-4c9bc42cc8a7,SOL-311550,completed,Invoiced,MACS-0029,DRIVER TAG 7988,2026-03-16T23:59:59+00:00,2026-04-16T10:34:19.975576+00:00,missing,no-vehicle-match
7efebba0-34e7-43c7-a94d-a7cf648f9ed2,SOL-555496,completed,Completed,THES-0002,FF53SSGP ,2026-04-13T12:16:10.32+00:00,2026-03-31T08:42:13.426433+00:00,missing,no-vehicle-match
d36a0b5a-1268-4566-9e0e-dbcd2ea3fc50,SOL-622909,completed,Completed,TTLI-0001,PANIC INSTALLS ,2026-04-21T07:15:59.776549+00:00,2026-04-20T13:13:57.426091+00:00,missing,no-vehicle-match
a23ed2ac-aac1-409d-8a9d-c77972c7305a,SOL-141829,completed,Completed,GENU-0001,CH973181,2026-04-15T12:16:59.772776+00:00,2026-04-13T13:00:21.87765+00:00,missing,no-vehicle-match
ede05e24-748c-45e4-9d1a-7ad9e47bb62b,SOL-800906,completed,Completed,TTEX-0001,KXN248MP - EX39,2026-04-21T12:16:44.070162+00:00,2026-04-20T11:43:40.006732+00:00,missing,no-vehicle-match
96f40598-86ff-44ee-940a-0fb92ab28ba0,SOL-257121,completed,Invoiced,MACS-0029,DSH908L,2026-04-17T04:17:54.737984+00:00,2026-04-16T05:26:39.332313+00:00,matched,account+reg
dbe75de3-9b1d-4c78-88c5-537e52868fdd,SOL-649954,completed,Completed,MACS-0024,CY156073 - T309,2026-05-13T10:29:52.261+00:00,2026-05-07T06:10:36.455454+00:00,missing,no-vehicle-match
7012c6d9-5c58-4078-861f-bdb4a36f58b8,SOL-914274,completed,Completed,TLOG-0001,PANIC INSTALLS ,2026-04-21T07:18:32.080544+00:00,2026-04-20T13:06:14.2927+00:00,missing,no-vehicle-match
07929715-c888-4e5f-9c8b-bbe5d70acdb8,SOL-568205,completed,Completed,TLOG-0001,PANIC INSTALLS ,2026-04-21T07:20:56.63873+00:00,2026-04-20T12:56:12.154519+00:00,missing,no-vehicle-match
83192c94-7956-4dca-b45f-ff5b563505ee,SOL-563309,completed,Completed,TTFM-0001,LDG339MP - FM14,2026-04-21T12:22:51.63781+00:00,2026-04-20T11:49:49.031427+00:00,missing,no-vehicle-match
d43c463a-23eb-4127-93c7-4831a78631f6,SOL-156772,completed,Invoiced,ALST-0001,KB27GLGP,2026-04-20T09:56:38.407284+00:00,2026-04-17T07:41:27.899124+00:00,missing,no-vehicle-match
04706b11-250a-423b-a86c-c94e3a0866a1,SOL-109291,completed,Completed,TLOG-0001,PANIC INSTALLS ,2026-04-21T07:23:13.303421+00:00,2026-04-20T12:49:33.284162+00:00,missing,no-vehicle-match
56858b3b-4818-490d-ac2b-d3db34119946,SOL-750649,completed,Completed,TLOG-0001,PANIC INSTALLS ,2026-04-21T07:25:14.82782+00:00,2026-04-20T12:42:57.959707+00:00,missing,no-vehicle-match
7e689406-fb1f-4d7d-8c37-964fd04c8024,JOB-1760606111152-tl4imu0e2,completed,Completed,,,2026-04-21T07:52:43.414555+00:00,2025-10-16T09:15:11.212996+00:00,missing,no-reg
78543e4b-9ccc-4d15-83da-030797a23dc3,CLIENT-1759819861218,completed,Completed,MACS-0003,TESTGP,2026-04-21T07:53:56.739676+00:00,2025-10-07T06:52:05.923562+00:00,missing,no-vehicle-match
a5450640-4ca9-4b9d-aa63-970fd701bfe6,JOB-1755239995526-zmnvoop0t,completed,Completed,,,2026-04-21T07:54:37.700113+00:00,2025-08-15T06:39:57.930646+00:00,missing,no-reg
fa021e1c-16ae-4e9f-8b0d-2962a3d74cdd,JOB-1755167114631-hmwp03jnk,completed,Completed,,BW81FZGP,2026-04-21T07:55:01.478422+00:00,2025-08-14T10:25:14.683648+00:00,missing,no-vehicle-match
193d88a6-5f85-4519-b556-cf8b3385adea,SOL-671307,completed,Completed,DACO-0001,,2026-04-22T05:01:54.818195+00:00,2026-01-27T08:20:29.72437+00:00,missing,no-reg
238a6795-a706-4253-a29e-f8fe386ca15b,JOB-1754644501275-f2b6plez9,completed,Completed,,,2026-04-21T07:55:15.020321+00:00,2025-08-08T09:15:03.212459+00:00,missing,no-reg
e5f902e2-72d7-473a-9aca-a46ba478cfe6,JOB-1764232519838-etjjdq4z5,completed,Completed,,,2026-04-21T07:56:45.150789+00:00,2025-11-27T08:35:19.978711+00:00,missing,no-reg
c099987d-2034-4405-a2b0-8081b094e60c,JOB-1764921163659-y16jga59h,completed,Completed,,,2026-04-21T07:56:50.060324+00:00,2025-12-05T07:52:43.835957+00:00,missing,no-reg
e8ff175f-96e9-498a-aab8-e7dc37dba4ab,JOB-1763039132168-a9d6btpzm,completed,Completed,,,2026-04-21T07:56:15.029023+00:00,2025-11-13T13:05:32.30034+00:00,missing,no-reg
293b4584-7f87-44ab-807d-01d6c6d66691,SOL-403392,completed,Completed,EDGE-0004,,2026-04-22T05:14:05.774598+00:00,2026-01-30T08:18:12.300998+00:00,missing,no-reg